CB0502CHA-2,118722
CB0503CH-2,118719
CB0505CH-2,118720
CB1012CHB-2,118724
CB1013CHA-2,118725
CB2012CHA-1,110050
CB2013CH-1,110043
CB2014CH-1,110046
CB2015CH-1,110044
CB2016CH-1,110045
CB3511CH,095404
CB3512CH,095405
CB3513CH,095406
CB3515CH,114542
CD4016CHA1,114608
CQ3011CH,144240
CQ3012CH,144241
CQ3511CH,144242
CQ3512CH,144243
DB4014CHC,146139
DB4016CHC,146140
DB7014CH,144239
DB7016CH,144806
DHH01CH,118264
DHH02CH,118265
DHH03CH,118256
DHK01CH,118263
DHM01CHA,131887
DHM02CHA,131888
DHM03CHA,131889
DHM04CHA,131890
DHM05CHA,131891
DHM07CH,131310
DHM08CH,131311
DPA1A,048760
DPG7511CH,130620
TU0501CH,135294
TU1011CH,135295
TUK01CH,135296
TUK02CH,135297
TUK03CH,135298
TUP02CH,149455
TUP04CH,140705
TUP05CH,140706
CD6016CHC,146141
TU12202CH,151725
TU12204CH,151726
TU12205CH,151727